year, row, col, elevation, annualDroughtIndex, seasonalDroughtIndex, annualDegreeDaySum, seasonalDegreeDaySum, minimumTemperature, AET, PET, annualPrecipitationSum
0, 2, 2, 890, 0.0712673, 0.0712673, 1326.47, 1262.05, -2.4, 51.324, 54.1018, 147.41
1, 2, 2, 890, 0.208302, 0.208302, 1729.23, 1658.09, -4.2, 48.4004, 57.8598, 127.13
2, 2, 2, 890, 3.29427e-09, 4.2355e-09, 1363.19, 1162.96, -1.2, 56.5628, 56.5628, 150.44
3, 2, 2, 890, 0.207778, 0.207778, 1540.34, 1479.34, -0.5, 42.7762, 54.5715, 92.14
4, 2, 2, 890, 0.0488104, 0.0488104, 1449.15, 1380.81, -3.5, 52.2449, 54.5373, 167.44
5, 2, 2, 890, 1.03131e-08, 1.03131e-08, 1312.33, 1203.6, -1, 52.6776, 52.6776, 136.04
6, 2, 2, 890, 0.29835, 0.29835, 1336.27, 1289.58, -2.5, 37.6481, 53.2001, 176.4
7, 2, 2, 890, 0.055452, 0.0633737, 1500.99, 1301.16, -2.8, 55.0855, 56.8368, 95.8
8, 2, 2, 890, 9.69558e-09, 9.69558e-09, 1112.64, 1013.24, -4.9, 52.1823, 52.1823, 155.34
9, 2, 2, 890, 0.0140505, 0.0140505, 1152.94, 1069.83, -2.6, 51.9674, 52.3281, 140.76
10, 2, 2, 890, 7.78317e-09, 7.78317e-09, 1101.86, 1054.49, -10.7, 49.8066, 49.8066, 160.84
11, 2, 2, 890, 8.58468e-09, 1.03016e-08, 1268.59, 1115.25, -0.1, 54.4112, 54.4112, 135.08
12, 2, 2, 890, 1.79275e-08, 1.79275e-08, 1380.8, 1284.41, -2.3, 52.6495, 52.6495, 176.94
13, 2, 2, 890, 0.255584, 0.255584, 1546.37, 1381.33, -1.1, 50.7186, 57.8684, 108.87
14, 2, 2, 890, 1.58786e-08, 1.58786e-08, 1191.4, 1104.25, -1.4, 53.1205, 53.1205, 176.29
15, 2, 2, 890, 1.27144e-08, 1.27144e-08, 1468.2, 1320.49, -0.5, 56.223, 56.223, 192.85
16, 2, 2, 890, 0.0964262, 0.0964262, 1143.21, 1107.74, -2.8, 45.3821, 49.4529, 141.27
17, 2, 2, 890, 0.00606888, 0.00606888, 1276.77, 1188.89, -6.5, 52.7632, 53.1181, 153.56
18, 2, 2, 890, 0.166374, 0.166374, 1431.3, 1346.26, -0.2, 47.3076, 54.3885, 119.56
19, 2, 2, 890, 1.03356e-08, 1.03356e-08, 1120.99, 1072.51, -5, 50.2548, 50.2548, 222.96
20, 2, 2, 890, 4.1083e-09, 4.1083e-09, 1307.53, 1233.84, -2.3, 52.7049, 52.7049, 188.67
21, 2, 2, 890, 0.111381, 0.111381, 1352.2, 1250.85, -2, 48.7182, 53.2595, 152.09
22, 2, 2, 890, 0.00439112, 0.00439112, 1223.2, 1142.63, -1.9, 52.2331, 52.4573, 182.21
23, 2, 2, 890, 0.129332, 0.129332, 1343.77, 1289.33, -3.8, 47.91, 52.9056, 156.74
24, 2, 2, 890, 2.89478e-09, 2.89478e-09, 1281.66, 1195.36, -2.7, 50.8006, 50.8006, 210.52
25, 2, 2, 890, 0.137402, 0.137402, 1445.12, 1351.74, -2.9, 48.657, 54.8868, 105.74
26, 2, 2, 890, 0.0841032, 0.0841032, 1134.12, 975.377, 0, 52.253, 54.1622, 119.72
27, 2, 2, 890, 0.0571422, 0.0571422, 1340.61, 1276.77, -2.3, 48.8432, 51.3343, 162.61
28, 2, 2, 890, 0.0133682, 0.0133682, 1139.66, 1019.27, 0.5, 52.2236, 52.7305, 173.23
29, 2, 2, 890, 0.00861238, 0.00861238, 1310.08, 1228.56, -0.3, 52.6046, 53.0098, 122.55
30, 2, 2, 890, 0.118612, 0.118612, 1392.56, 1323.64, -0.8, 48.9575, 53.5345, 115.86
31, 2, 2, 890, 2.15621e-08, 2.15621e-08, 1230.31, 1113.02, -0.7, 53.4137, 53.4137, 194
32, 2, 2, 890, 1.55886e-08, 1.55886e-08, 1148.23, 1029.97, -1.2, 52.4196, 52.4196, 174.77
33, 2, 2, 890, 0.0204088, 0.0204088, 1260.59, 1193.79, -3.4, 51.2493, 52.2203, 179.64
34, 2, 2, 890, 0.00389502, 0.00389502, 1102.43, 1041.67, -2, 49.859, 50.0255, 189.79
35, 2, 2, 890, 0.0147903, 0.0147903, 1247.27, 1161.87, -2.3, 52.766, 53.5697, 215.8
36, 2, 2, 890, 1.04116e-08, 1.04116e-08, 1455.31, 1337.92, 0.4, 54.5471, 54.5471, 172.16
37, 2, 2, 890, 0.243843, 0.243843, 1564.58, 1440.02, -3.2, 41.7155, 56.4764, 137.22
38, 2, 2, 890, 0.0248554, 0.028998, 1234.13, 1089.04, -3.5, 50.0482, 51.3033, 146.92
39, 2, 2, 890, 0.096668, 0.096668, 1379.45, 1326.42, -5.5, 47.787, 51.986, 137.42
40, 2, 2, 890, 0.00385398, 0.00385398, 1410.78, 1313.61, -5.4, 53.8009, 53.9617, 167.27
41, 2, 2, 890, 4.5166e-09, 4.5166e-09, 1370.43, 1275.17, -3.6, 52.9309, 52.9309, 175.95
42, 2, 2, 890, 8.38058e-09, 8.38058e-09, 1391.66, 1316.14, -0.8, 54.5438, 54.5438, 194.22
43, 2, 2, 890, 1.84887e-08, 1.84887e-08, 1548.25, 1309.43, 2.9, 58.5617, 58.5617, 130.06
44, 2, 2, 890, 0.0248233, 0.0248233, 1479.89, 1327.71, -1.4, 55.5287, 56.6224, 132.22
45, 2, 2, 890, 0.258194, 0.258194, 1394.33, 1264.51, -1.4, 45.8627, 54.2571, 106.83
46, 2, 2, 890, 0.119322, 0.143186, 1534.5, 1380.31, 1.5, 51.8287, 57.1183, 113.19
47, 2, 2, 890, 0.0102738, 0.0102738, 1338.4, 1249.9, 0.9, 55.2687, 55.7951, 116.14
48, 2, 2, 890, 0.0370764, 0.0432558, 1632.63, 1437.24, 0.5, 55.4263, 57.4868, 146.94
49, 2, 2, 890, 0.0444939, 0.0444939, 1420.46, 1340.47, -1.4, 51.2645, 53.7385, 138.08
50, 2, 2, 890, 0.0105959, 0.0105959, 1212.17, 1105.95, -2.6, 52.8935, 53.4205, 103.97
51, 2, 2, 890, 0.116421, 0.116421, 1516.93, 1335.43, 1.2, 51.7625, 57.1961, 116.86
52, 2, 2, 890, 0.0897984, 0.0897984, 1370.21, 1262.9, -0.7, 51.3247, 54.7145, 120.18
53, 2, 2, 890, 1.32443e-08, 1.32443e-08, 1461.81, 1389.93, -2.6, 54.9319, 54.9319, 154.21
54, 2, 2, 890, 0.0602803, 0.0602803, 1540.82, 1428.16, -0.6, 53.2962, 56.8664, 135.58
55, 2, 2, 890, 0.0409417, 0.0409417, 1445.47, 1368.3, -2.8, 51.8737, 53.8115, 165.43
56, 2, 2, 890, 0.0209831, 0.0209831, 1463.93, 1299.51, 2, 56.7127, 57.6602, 159.96
57, 2, 2, 890, 0.228408, 0.274089, 1881.11, 1717.75, -2, 46.9493, 59.686, 90.79
58, 2, 2, 890, 0.0252918, 0.0252918, 1386.31, 1313.36, -1.5, 53.0148, 54.1628, 110.46
59, 2, 2, 890, 0.131792, 0.131792, 1511.7, 1452.01, -3.8, 48.4042, 55.348, 99.95
60, 2, 2, 890, 0.160785, 0.187583, 1739.09, 1604.22, -1.7, 44.0135, 56.634, 147.08
61, 2, 2, 890, 0.00388501, 0.00388501, 1497.83, 1391.95, 1.2, 57.6277, 57.8169, 148.84
62, 2, 2, 890, 0.0317643, 0.0317643, 1403.93, 1298.31, -0.1, 53.6006, 55.0307, 110.51
63, 2, 2, 890, 0.24159, 0.24159, 1579.75, 1489.8, -1.5, 44.6836, 55.8188, 80.93
64, 2, 2, 890, 0.0800261, 0.0800261, 1291.52, 1248.56, -3.3, 46.9487, 52.2413, 90.83
65, 2, 2, 890, 0.107891, 0.123304, 1740.18, 1515.31, -0.2, 54.1986, 59.0941, 118.19
66, 2, 2, 890, 0.000319226, 0.000372428, 1569.65, 1422.35, -5.1, 56.5939, 56.6091, 171.41
67, 2, 2, 890, 0.0951769, 0.0951769, 1326.47, 1262.05, -2.4, 50.0273, 54.1018, 147.41
68, 2, 2, 890, 0.222003, 0.222003, 1729.23, 1658.09, -4.2, 47.1145, 57.8598, 127.13
69, 2, 2, 890, 3.29427e-09, 4.2355e-09, 1363.19, 1162.96, -1.2, 56.5628, 56.5628, 150.44
70, 2, 2, 890, 0.220633, 0.220633, 1540.34, 1479.34, -0.5, 41.7843, 54.5715, 92.14
71, 2, 2, 890, 0.0751996, 0.0751996, 1449.15, 1380.81, -3.5, 50.927, 54.5373, 167.44
72, 2, 2, 890, 0.0246808, 0.0246808, 1312.33, 1203.6, -1, 51.5412, 52.6776, 136.04
73, 2, 2, 890, 0.304138, 0.304138, 1336.27, 1289.58, -2.5, 37.2902, 53.2001, 176.4
74, 2, 2, 890, 0.0497669, 0.0568765, 1500.99, 1301.16, -2.8, 54.4291, 56.8368, 95.8
75, 2, 2, 890, 9.69558e-09, 9.69558e-09, 1112.64, 1013.24, -4.9, 52.1823, 52.1823, 155.34
76, 2, 2, 890, 0.0301648, 0.0301648, 1152.94, 1069.83, -2.6, 51.0398, 52.3281, 140.76
77, 2, 2, 890, 7.78317e-09, 7.78317e-09, 1101.86, 1054.49, -10.7, 49.8066, 49.8066, 160.84
78, 2, 2, 890, 8.58468e-09, 1.03016e-08, 1268.59, 1115.25, -0.1, 54.4112, 54.4112, 135.08
79, 2, 2, 890, 1.79275e-08, 1.79275e-08, 1380.8, 1284.41, -2.3, 52.6495, 52.6495, 176.94
80, 2, 2, 890, 0.164961, 0.164961, 1546.37, 1381.33, -1.1, 50.4957, 57.8684, 108.87
81, 2, 2, 890, 1.58786e-08, 1.58786e-08, 1191.4, 1104.25, -1.4, 53.1205, 53.1205, 176.29
82, 2, 2, 890, 1.27144e-08, 1.27144e-08, 1468.2, 1320.49, -0.5, 56.223, 56.223, 192.85
83, 2, 2, 890, 0.129111, 0.129111, 1143.21, 1107.74, -2.8, 43.9935, 49.4529, 141.27
84, 2, 2, 890, 0.0329137, 0.0329137, 1276.77, 1188.89, -6.5, 51.1932, 53.1181, 153.56
85, 2, 2, 890, 0.16647, 0.16647, 1431.3, 1346.26, -0.2, 46.5499, 54.3885, 119.56
86, 2, 2, 890, 1.03356e-08, 1.03356e-08, 1120.99, 1072.51, -5, 50.2548, 50.2548, 222.96
87, 2, 2, 890, 4.1083e-09, 4.1083e-09, 1307.53, 1233.84, -2.3, 52.7049, 52.7049, 188.67
88, 2, 2, 890, 0.103655, 0.103655, 1352.2, 1250.85, -2, 48.2136, 53.2595, 152.09
89, 2, 2, 890, 0.0231369, 0.0231369, 1223.2, 1142.63, -1.9, 51.2758, 52.4573, 182.21
90, 2, 2, 890, 0.157392, 0.157392, 1343.77, 1289.33, -3.8, 46.5669, 52.9056, 156.74
91, 2, 2, 890, 0.00614411, 0.00614411, 1281.66, 1195.36, -2.7, 50.5542, 50.8006, 210.52
92, 2, 2, 890, 0.176873, 0.176873, 1445.12, 1351.74, -2.9, 46.8684, 54.8868, 105.74
93, 2, 2, 890, 0.0822516, 0.0822516, 1134.12, 975.377, 0, 51.6636, 54.1622, 119.72
94, 2, 2, 890, 0.0736477, 0.0736477, 1340.61, 1276.77, -2.3, 47.9616, 51.3343, 162.61
95, 2, 2, 890, 0.0457868, 0.0457868, 1139.66, 1019.27, 0.5, 51.0412, 52.7305, 173.23
96, 2, 2, 890, 0.0298439, 0.0298439, 1310.08, 1228.56, -0.3, 51.6056, 53.0098, 122.55
97, 2, 2, 890, 0.117068, 0.117068, 1392.56, 1323.64, -0.8, 48.6823, 53.5345, 115.86
98, 2, 2, 890, 2.15621e-08, 2.15621e-08, 1230.31, 1113.02, -0.7, 53.4137, 53.4137, 194
99, 2, 2, 890, 1.55886e-08, 1.55886e-08, 1148.23, 1029.97, -1.2, 52.4196, 52.4196, 174.77
100, 2, 2, 890, 0.0294791, 0.0294791, 1260.59, 1193.79, -3.4, 50.8178, 52.2203, 179.64
101, 2, 2, 890, 0.0139894, 0.0139894, 1102.43, 1041.67, -2, 49.4274, 50.0255, 189.79
102, 2, 2, 890, 0.0227325, 0.0227325, 1247.27, 1161.87, -2.3, 52.3345, 53.5697, 215.8
103, 2, 2, 890, 0.0029971, 0.0029971, 1455.31, 1337.92, 0.4, 54.4275, 54.5471, 172.16
104, 2, 2, 890, 0.249295, 0.249295, 1564.58, 1440.02, -3.2, 41.5123, 56.4764, 137.22
105, 2, 2, 890, 0.0321734, 0.0375356, 1234.13, 1089.04, -3.5, 49.6787, 51.3033, 146.92
106, 2, 2, 890, 0.10353, 0.10353, 1379.45, 1326.42, -5.5, 47.4034, 51.986, 137.42
107, 2, 2, 890, 0.0102295, 0.0102295, 1410.78, 1313.61, -5.4, 53.5348, 53.9617, 167.27
108, 2, 2, 890, 4.5166e-09, 4.5166e-09, 1370.43, 1275.17, -3.6, 52.9309, 52.9309, 175.95
109, 2, 2, 890, 8.38058e-09, 8.38058e-09, 1391.66, 1316.14, -0.8, 54.5438, 54.5438, 194.22
110, 2, 2, 890, 1.84887e-08, 1.84887e-08, 1548.25, 1309.43, 2.9, 58.5617, 58.5617, 130.06
111, 2, 2, 890, 0.0289002, 0.0289002, 1479.89, 1327.71, -1.4, 55.3492, 56.6224, 132.22
112, 2, 2, 890, 0.258697, 0.258697, 1394.33, 1264.51, -1.4, 45.7448, 54.2571, 106.83
113, 2, 2, 890, 0.123171, 0.147805, 1534.5, 1380.31, 1.5, 51.6571, 57.1183, 113.19
114, 2, 2, 890, 0.0120258, 0.0120258, 1338.4, 1249.9, 0.9, 55.179, 55.7951, 116.14
115, 2, 2, 890, 0.0403621, 0.0470892, 1632.63, 1437.24, 0.5, 55.2467, 57.4868, 146.94
116, 2, 2, 890, 0.0461084, 0.0461084, 1420.46, 1340.47, -1.4, 51.1748, 53.7385, 138.08
117, 2, 2, 890, 0.0080817, 0.0080817, 1212.17, 1105.95, -2.6, 53.0185, 53.4205, 103.97
118, 2, 2, 890, 0.115091, 0.115091, 1516.93, 1335.43, 1.2, 51.8562, 57.1961, 116.86
119, 2, 2, 890, 0.0850719, 0.0850719, 1370.21, 1262.9, -0.7, 51.5198, 54.7145, 120.18
120, 2, 2, 890, 1.32443e-08, 1.32443e-08, 1461.81, 1389.93, -2.6, 54.9319, 54.9319, 154.21
121, 2, 2, 890, 0.0460626, 0.0460626, 1540.82, 1428.16, -0.6, 54.1259, 56.8664, 135.58
122, 2, 2, 890, 0.0236151, 0.0236151, 1445.47, 1368.3, -2.8, 52.6571, 53.8115, 165.43
123, 2, 2, 890, 0.0117951, 0.0117951, 1463.93, 1299.51, 2, 57.1276, 57.6602, 159.96
124, 2, 2, 890, 0.225541, 0.27065, 1881.11, 1717.75, -2, 47.2695, 59.686, 90.79
125, 2, 2, 890, 0.0163756, 0.0163756, 1386.31, 1313.36, -1.5, 53.4195, 54.1628, 110.46
126, 2, 2, 890, 0.130034, 0.130034, 1511.7, 1452.01, -3.8, 48.6154, 55.348, 99.95
127, 2, 2, 890, 0.159012, 0.185514, 1739.09, 1604.22, -1.7, 44.1, 56.634, 147.08
128, 2, 2, 890, 7.25463e-09, 7.25463e-09, 1497.83, 1391.95, 1.2, 57.8169, 57.8169, 148.84
129, 2, 2, 890, 0.0260566, 0.0260566, 1403.93, 1298.31, -0.1, 53.8418, 55.0307, 110.51
130, 2, 2, 890, 0.238769, 0.238769, 1579.75, 1489.8, -1.5, 45.0405, 55.8188, 80.93
131, 2, 2, 890, 0.0698571, 0.0698571, 1291.52, 1248.56, -3.3, 47.4699, 52.2413, 90.83
132, 2, 2, 890, 0.104353, 0.119261, 1740.18, 1515.31, -0.2, 54.4477, 59.0941, 118.19
133, 2, 2, 890, 1.11293e-08, 1.12525e-08, 1569.65, 1422.35, -5.1, 56.6091, 56.6091, 171.41
134, 2, 2, 890, 0.0822082, 0.0822082, 1326.47, 1262.05, -2.4, 50.7014, 54.1018, 147.41
135, 2, 2, 890, 0.214225, 0.214225, 1729.23, 1658.09, -4.2, 47.8106, 57.8598, 127.13
136, 2, 2, 890, 3.29427e-09, 4.2355e-09, 1363.19, 1162.96, -1.2, 56.5628, 56.5628, 150.44
137, 2, 2, 890, 0.212045, 0.212045, 1540.34, 1479.34, -0.5, 42.3964, 54.5715, 92.14
138, 2, 2, 890, 0.0588829, 0.0588829, 1449.15, 1380.81, -3.5, 51.7372, 54.5373, 167.44
139, 2, 2, 890, 0.00673773, 0.00673773, 1312.33, 1203.6, -1, 52.3673, 52.6776, 136.04
140, 2, 2, 890, 0.302001, 0.302001, 1336.27, 1289.58, -2.5, 37.4214, 53.2001, 176.4
141, 2, 2, 890, 0.0494583, 0.0565237, 1500.99, 1301.16, -2.8, 54.6435, 56.8368, 95.8
142, 2, 2, 890, 9.69558e-09, 9.69558e-09, 1112.64, 1013.24, -4.9, 52.1823, 52.1823, 155.34
143, 2, 2, 890, 0.0254993, 0.0254993, 1152.94, 1069.83, -2.6, 51.3221, 52.3281, 140.76
144, 2, 2, 890, 7.78317e-09, 7.78317e-09, 1101.86, 1054.49, -10.7, 49.8066, 49.8066, 160.84
145, 2, 2, 890, 8.58468e-09, 1.03016e-08, 1268.59, 1115.25, -0.1, 54.4112, 54.4112, 135.08
146, 2, 2, 890, 1.79275e-08, 1.79275e-08, 1380.8, 1284.41, -2.3, 52.6495, 52.6495, 176.94
147, 2, 2, 890, 0.19181, 0.19181, 1546.37, 1381.33, -1.1, 50.6185, 57.8684, 108.87
148, 2, 2, 890, 1.58786e-08, 1.58786e-08, 1191.4, 1104.25, -1.4, 53.1205, 53.1205, 176.29
149, 2, 2, 890, 1.27144e-08, 1.27144e-08, 1468.2, 1320.49, -0.5, 56.223, 56.223, 192.85
150, 2, 2, 890, 0.122417, 0.122417, 1143.21, 1107.74, -2.8, 44.2805, 49.4529, 141.27
151, 2, 2, 890, 0.0280076, 0.0280076, 1276.77, 1188.89, -6.5, 51.4801, 53.1181, 153.56
152, 2, 2, 890, 0.161988, 0.161988, 1431.3, 1346.26, -0.2, 46.8581, 54.3885, 119.56
153, 2, 2, 890, 1.03356e-08, 1.03356e-08, 1120.99, 1072.51, -5, 50.2548, 50.2548, 222.96
154, 2, 2, 890, 4.1083e-09, 4.1083e-09, 1307.53, 1233.84, -2.3, 52.7049, 52.7049, 188.67
155, 2, 2, 890, 0.104651, 0.104651, 1352.2, 1250.85, -2, 48.3832, 53.2595, 152.09
156, 2, 2, 890, 0.0177945, 0.0177945, 1223.2, 1142.63, -1.9, 51.5486, 52.4573, 182.21
157, 2, 2, 890, 0.14908, 0.14908, 1343.77, 1289.33, -3.8, 46.9814, 52.9056, 156.74
158, 2, 2, 890, 2.89478e-09, 2.89478e-09, 1281.66, 1195.36, -2.7, 50.8006, 50.8006, 210.52
159, 2, 2, 890, 0.165256, 0.165256, 1445.12, 1351.74, -2.9, 47.3933, 54.8868, 105.74
160, 2, 2, 890, 0.0824523, 0.0824523, 1134.12, 975.377, 0, 52.1925, 54.1622, 119.72
161, 2, 2, 890, 0.0596951, 0.0596951, 1340.61, 1276.77, -2.3, 48.7, 51.3343, 162.61
162, 2, 2, 890, 0.0179738, 0.0179738, 1139.66, 1019.27, 0.5, 52.049, 52.7305, 173.23
163, 2, 2, 890, 0.0125127, 0.0125127, 1310.08, 1228.56, -0.3, 52.4211, 53.0098, 122.55
164, 2, 2, 890, 0.120747, 0.120747, 1392.56, 1323.64, -0.8, 49.0831, 53.5345, 115.86
165, 2, 2, 890, 2.15621e-08, 2.15621e-08, 1230.31, 1113.02, -0.7, 53.4137, 53.4137, 194
166, 2, 2, 890, 1.55886e-08, 1.55886e-08, 1148.23, 1029.97, -1.2, 52.4196, 52.4196, 174.77
167, 2, 2, 890, 0.0142158, 0.0142158, 1260.59, 1193.79, -3.4, 51.544, 52.2203, 179.64
168, 2, 2, 890, 4.65453e-09, 4.65453e-09, 1102.43, 1041.67, -2, 50.0255, 50.0255, 189.79
169, 2, 2, 890, 0.00936755, 0.00936755, 1247.27, 1161.87, -2.3, 53.0607, 53.5697, 215.8
170, 2, 2, 890, 1.04116e-08, 1.04116e-08, 1455.31, 1337.92, 0.4, 54.5471, 54.5471, 172.16
171, 2, 2, 890, 0.241334, 0.241334, 1564.58, 1440.02, -3.2, 41.8006, 56.4764, 137.22
172, 2, 2, 890, 0.0212314, 0.0247699, 1234.13, 1089.04, -3.5, 50.2312, 51.3033, 146.92
173, 2, 2, 890, 0.0937053, 0.0937053, 1379.45, 1326.42, -5.5, 47.9588, 51.986, 137.42
174, 2, 2, 890, 1.31592e-08, 1.31592e-08, 1410.78, 1313.61, -5.4, 53.9617, 53.9617, 167.27
175, 2, 2, 890, 4.5166e-09, 4.5166e-09, 1370.43, 1275.17, -3.6, 52.9309, 52.9309, 175.95
176, 2, 2, 890, 8.38058e-09, 8.38058e-09, 1391.66, 1316.14, -0.8, 54.5438, 54.5438, 194.22
177, 2, 2, 890, 1.84887e-08, 1.84887e-08, 1548.25, 1309.43, 2.9, 58.5617, 58.5617, 130.06
178, 2, 2, 890, 0.00825424, 0.00825424, 1479.89, 1327.71, -1.4, 56.2582, 56.6224, 132.22
179, 2, 2, 890, 0.262892, 0.262892, 1394.33, 1264.51, -1.4, 46.0778, 54.2571, 106.83
180, 2, 2, 890, 0.110122, 0.132146, 1534.5, 1380.31, 1.5, 52.239, 57.1183, 113.19
181, 2, 2, 890, 0.00602636, 0.00602636, 1338.4, 1249.9, 0.9, 55.4864, 55.7951, 116.14
182, 2, 2, 890, 0.0291111, 0.033963, 1632.63, 1437.24, 0.5, 55.8615, 57.4868, 146.94
183, 2, 2, 890, 0.04058, 0.04058, 1420.46, 1340.47, -1.4, 51.4821, 53.7385, 138.08
184, 2, 2, 890, 0.00190135, 0.00190135, 1212.17, 1105.95, -2.6, 53.3259, 53.4205, 103.97
185, 2, 2, 890, 0.112264, 0.112264, 1516.93, 1335.43, 1.2, 52.0699, 57.1961, 116.86
186, 2, 2, 890, 0.0736875, 0.0736875, 1370.21, 1262.9, -0.7, 51.9843, 54.7145, 120.18
187, 2, 2, 890, 1.32443e-08, 1.32443e-08, 1461.81, 1389.93, -2.6, 54.9319, 54.9319, 154.21
188, 2, 2, 890, 0.0454608, 0.0454608, 1540.82, 1428.16, -0.6, 54.161, 56.8664, 135.58
189, 2, 2, 890, 0.0232558, 0.0232558, 1445.47, 1368.3, -2.8, 52.6746, 53.8115, 165.43
190, 2, 2, 890, 0.0145959, 0.0145959, 1463.93, 1299.51, 2, 57.0011, 57.6602, 159.96
191, 2, 2, 890, 0.226294, 0.271553, 1881.11, 1717.75, -2, 47.1772, 59.686, 90.79
192, 2, 2, 890, 0.0190935, 0.0190935, 1386.31, 1313.36, -1.5, 53.2961, 54.1628, 110.46
193, 2, 2, 890, 0.13047, 0.13047, 1511.7, 1452.01, -3.8, 48.5556, 55.348, 99.95
194, 2, 2, 890, 0.159992, 0.186657, 1739.09, 1604.22, -1.7, 44.0528, 56.634, 147.08
195, 2, 2, 890, 0.0018696, 0.0018696, 1497.83, 1391.95, 1.2, 57.7259, 57.8169, 148.84
196, 2, 2, 890, 0.0292362, 0.0292362, 1403.93, 1298.31, -0.1, 53.7076, 55.0307, 110.51
197, 2, 2, 890, 0.240974, 0.240974, 1579.75, 1489.8, -1.5, 44.7486, 55.8188, 80.93
198, 2, 2, 890, 0.0782609, 0.0782609, 1291.52, 1248.56, -3.3, 47.0407, 52.2413, 90.83
199, 2, 2, 890, 0.107208, 0.122523, 1740.18, 1515.31, -0.2, 54.2432, 59.0941, 118.19
200, 2, 2, 890, 1.11293e-08, 1.12525e-08, 1569.65, 1422.35, -5.1, 56.6091, 56.6091, 171.41
201, 2, 2, 890, 0.0946822, 0.0946822, 1326.47, 1262.05, -2.4, 50.0522, 54.1018, 147.41
202, 2, 2, 890, 0.221688, 0.221688, 1729.23, 1658.09, -4.2, 47.1412, 57.8598, 127.13
203, 2, 2, 890, 3.29427e-09, 4.2355e-09, 1363.19, 1162.96, -1.2, 56.5628, 56.5628, 150.44
204, 2, 2, 890, 0.217804, 0.217804, 1540.34, 1479.34, -0.5, 41.9811, 54.5715, 92.14
205, 2, 2, 890, 0.0698423, 0.0698423, 1449.15, 1380.81, -3.5, 51.1918, 54.5373, 167.44
206, 2, 2, 890, 0.0192156, 0.0192156, 1312.33, 1203.6, -1, 51.7928, 52.6776, 136.04
207, 2, 2, 890, 0.302611, 0.302611, 1336.27, 1289.58, -2.5, 37.3837, 53.2001, 176.4
208, 2, 2, 890, 0.0494306, 0.0564921, 1500.99, 1301.16, -2.8, 54.5802, 56.8368, 95.8
209, 2, 2, 890, 9.69558e-09, 9.69558e-09, 1112.64, 1013.24, -4.9, 52.1823, 52.1823, 155.34
210, 2, 2, 890, 0.0271325, 0.0271325, 1152.94, 1069.83, -2.6, 51.2179, 52.3281, 140.76
211, 2, 2, 890, 7.78317e-09, 7.78317e-09, 1101.86, 1054.49, -10.7, 49.8066, 49.8066, 160.84
212, 2, 2, 890, 8.58468e-09, 1.03016e-08, 1268.59, 1115.25, -0.1, 54.4112, 54.4112, 135.08
213, 2, 2, 890, 1.79275e-08, 1.79275e-08, 1380.8, 1284.41, -2.3, 52.6495, 52.6495, 176.94
214, 2, 2, 890, 0.183788, 0.183788, 1546.37, 1381.33, -1.1, 50.5881, 57.8684, 108.87
215, 2, 2, 890, 1.58786e-08, 1.58786e-08, 1191.4, 1104.25, -1.4, 53.1205, 53.1205, 176.29
216, 2, 2, 890, 1.27144e-08, 1.27144e-08, 1468.2, 1320.49, -0.5, 56.223, 56.223, 192.85
217, 2, 2, 890, 0.121375, 0.121375, 1143.21, 1107.74, -2.8, 44.3251, 49.4529, 141.27
218, 2, 2, 890, 0.0272149, 0.0272149, 1276.77, 1188.89, -6.5, 51.5265, 53.1181, 153.56
219, 2, 2, 890, 0.161939, 0.161939, 1431.3, 1346.26, -0.2, 46.8816, 54.3885, 119.56
220, 2, 2, 890, 1.03356e-08, 1.03356e-08, 1120.99, 1072.51, -5, 50.2548, 50.2548, 222.96
221, 2, 2, 890, 4.1083e-09, 4.1083e-09, 1307.53, 1233.84, -2.3, 52.7049, 52.7049, 188.67
222, 2, 2, 890, 0.104821, 0.104821, 1352.2, 1250.85, -2, 48.4008, 53.2595, 152.09
223, 2, 2, 890, 0.0172031, 0.0172031, 1223.2, 1142.63, -1.9, 51.5788, 52.4573, 182.21
224, 2, 2, 890, 0.148208, 0.148208, 1343.77, 1289.33, -3.8, 47.0225, 52.9056, 156.74
225, 2, 2, 890, 2.89478e-09, 2.89478e-09, 1281.66, 1195.36, -2.7, 50.8006, 50.8006, 210.52
226, 2, 2, 890, 0.163963, 0.163963, 1445.12, 1351.74, -2.9, 47.4518, 54.8868, 105.74
227, 2, 2, 890, 0.0789062, 0.0789062, 1134.12, 975.377, 0, 51.9945, 54.1622, 119.72
228, 2, 2, 890, 0.0678263, 0.0678263, 1340.61, 1276.77, -2.3, 48.2627, 51.3343, 162.61
229, 2, 2, 890, 0.0321234, 0.0321234, 1139.66, 1019.27, 0.5, 51.5325, 52.7305, 173.23
230, 2, 2, 890, 0.0232968, 0.0232968, 1310.08, 1228.56, -0.3, 51.9137, 53.0098, 122.55
231, 2, 2, 890, 0.117637, 0.117637, 1392.56, 1323.64, -0.8, 48.8532, 53.5345, 115.86
232, 2, 2, 890, 2.15621e-08, 2.15621e-08, 1230.31, 1113.02, -0.7, 53.4137, 53.4137, 194
233, 2, 2, 890, 1.55886e-08, 1.55886e-08, 1148.23, 1029.97, -1.2, 52.4196, 52.4196, 174.77
234, 2, 2, 890, 0.0248807, 0.0248807, 1260.59, 1193.79, -3.4, 51.0365, 52.2203, 179.64
235, 2, 2, 890, 0.00887188, 0.00887188, 1102.43, 1041.67, -2, 49.6462, 50.0255, 189.79
236, 2, 2, 890, 0.018706, 0.018706, 1247.27, 1161.87, -2.3, 52.5533, 53.5697, 215.8
237, 2, 2, 890, 1.04116e-08, 1.04116e-08, 1455.31, 1337.92, 0.4, 54.5471, 54.5471, 172.16
238, 2, 2, 890, 0.24646, 0.24646, 1564.58, 1440.02, -3.2, 41.6208, 56.4764, 137.22
239, 2, 2, 890, 0.0284634, 0.0332073, 1234.13, 1089.04, -3.5, 49.866, 51.3033, 146.92
240, 2, 2, 890, 0.0999471, 0.0999471, 1379.45, 1326.42, -5.5, 47.6013, 51.986, 137.42
241, 2, 2, 890, 0.00506739, 0.00506739, 1410.78, 1313.61, -5.4, 53.7502, 53.9617, 167.27
242, 2, 2, 890, 4.5166e-09, 4.5166e-09, 1370.43, 1275.17, -3.6, 52.9309, 52.9309, 175.95
243, 2, 2, 890, 8.38058e-09, 8.38058e-09, 1391.66, 1316.14, -0.8, 54.5438, 54.5438, 194.22
244, 2, 2, 890, 1.84887e-08, 1.84887e-08, 1548.25, 1309.43, 2.9, 58.5617, 58.5617, 130.06
245, 2, 2, 890, 0.0271225, 0.0271225, 1479.89, 1327.71, -1.4, 55.4275, 56.6224, 132.22
246, 2, 2, 890, 0.258464, 0.258464, 1394.33, 1264.51, -1.4, 45.7965, 54.2571, 106.83
247, 2, 2, 890, 0.121489, 0.145786, 1534.5, 1380.31, 1.5, 51.7321, 57.1183, 113.19
248, 2, 2, 890, 0.0112619, 0.0112619, 1338.4, 1249.9, 0.9, 55.2181, 55.7951, 116.14
249, 2, 2, 890, 0.0389295, 0.0454177, 1632.63, 1437.24, 0.5, 55.325, 57.4868, 146.94
250, 2, 2, 890, 0.0290703, 0.0290703, 1420.46, 1340.47, -1.4, 52.1221, 53.7385, 138.08
251, 2, 2, 890, 4.28995e-09, 4.28995e-09, 1212.17, 1105.95, -2.6, 53.4205, 53.4205, 103.97
252, 2, 2, 890, 0.108399, 0.108399, 1516.93, 1335.43, 1.2, 52.4391, 57.1961, 116.86
253, 2, 2, 890, 0.0598273, 0.0598273, 1370.21, 1262.9, -0.7, 52.5248, 54.7145, 120.18
254, 2, 2, 890, 1.32443e-08, 1.32443e-08, 1461.81, 1389.93, -2.6, 54.9319, 54.9319, 154.21
255, 2, 2, 890, 0.0235295, 0.0235295, 1540.82, 1428.16, -0.6, 55.441, 56.8664, 135.58
256, 2, 2, 890, 0.0101647, 0.0101647, 1445.47, 1368.3, -2.8, 53.3146, 53.8115, 165.43
257, 2, 2, 890, 6.62146e-09, 6.62146e-09, 1463.93, 1299.51, 2, 57.6602, 57.6602, 159.96
258, 2, 2, 890, 0.223189, 0.267827, 1881.11, 1717.75, -2, 47.6823, 59.686, 90.79
259, 2, 2, 890, 0.00224453, 0.00224453, 1386.31, 1313.36, -1.5, 54.0609, 54.1628, 110.46
260, 2, 2, 890, 0.129258, 0.129258, 1511.7, 1452.01, -3.8, 48.7689, 55.348, 99.95
261, 2, 2, 890, 0.156401, 0.182467, 1739.09, 1604.22, -1.7, 44.2158, 56.634, 147.08
262, 2, 2, 890, 7.25463e-09, 7.25463e-09, 1497.83, 1391.95, 1.2, 57.8169, 57.8169, 148.84
263, 2, 2, 890, 0.0185001, 0.0185001, 1403.93, 1298.31, -0.1, 54.186, 55.0307, 110.51
264, 2, 2, 890, 0.23876, 0.23876, 1579.75, 1489.8, -1.5, 45.0421, 55.8188, 80.93
265, 2, 2, 890, 0.0698085, 0.0698085, 1291.52, 1248.56, -3.3, 47.4723, 52.2413, 90.83
266, 2, 2, 890, 0.104339, 0.119245, 1740.18, 1515.31, -0.2, 54.4488, 59.0941, 118.19
267, 2, 2, 890, 1.11293e-08, 1.12525e-08, 1569.65, 1422.35, -5.1, 56.6091, 56.6091, 171.41
268, 2, 2, 890, 0.0821489, 0.0821489, 1326.47, 1262.05, -2.4, 50.7046, 54.1018, 147.41
269, 2, 2, 890, 0.214192, 0.214192, 1729.23, 1658.09, -4.2, 47.8138, 57.8598, 127.13
270, 2, 2, 890, 3.29427e-09, 4.2355e-09, 1363.19, 1162.96, -1.2, 56.5628, 56.5628, 150.44
271, 2, 2, 890, 0.213147, 0.213147, 1540.34, 1479.34, -0.5, 42.3101, 54.5715, 92.14
272, 2, 2, 890, 0.0611993, 0.0611993, 1449.15, 1380.81, -3.5, 51.6214, 54.5373, 167.44
273, 2, 2, 890, 0.00955097, 0.00955097, 1312.33, 1203.6, -1, 52.2378, 52.6776, 136.04
274, 2, 2, 890, 0.300505, 0.300505, 1336.27, 1289.58, -2.5, 37.5143, 53.2001, 176.4
275, 2, 2, 890, 0.0501733, 0.0573409, 1500.99, 1301.16, -2.8, 54.8085, 56.8368, 95.8
276, 2, 2, 890, 9.69558e-09, 9.69558e-09, 1112.64, 1013.24, -4.9, 52.1823, 52.1823, 155.34
277, 2, 2, 890, 0.0224042, 0.0224042, 1152.94, 1069.83, -2.6, 51.5484, 52.3281, 140.76
278, 2, 2, 890, 7.78317e-09, 7.78317e-09, 1101.86, 1054.49, -10.7, 49.8066, 49.8066, 160.84
279, 2, 2, 890, 8.58468e-09, 1.03016e-08, 1268.59, 1115.25, -0.1, 54.4112, 54.4112, 135.08
280, 2, 2, 890, 1.79275e-08, 1.79275e-08, 1380.8, 1284.41, -2.3, 52.6495, 52.6495, 176.94
281, 2, 2, 890, 0.206703, 0.206703, 1546.37, 1381.33, -1.1, 50.6626, 57.8684, 108.87
282, 2, 2, 890, 1.58786e-08, 1.58786e-08, 1191.4, 1104.25, -1.4, 53.1205, 53.1205, 176.29
283, 2, 2, 890, 1.27144e-08, 1.27144e-08, 1468.2, 1320.49, -0.5, 56.223, 56.223, 192.85
284, 2, 2, 890, 0.112829, 0.112829, 1143.21, 1107.74, -2.8, 44.6918, 49.4529, 141.27
285, 2, 2, 890, 0.0204007, 0.0204007, 1276.77, 1188.89, -6.5, 51.925, 53.1181, 153.56
286, 2, 2, 890, 0.16216, 0.16216, 1431.3, 1346.26, -0.2, 47.0606, 54.3885, 119.56
287, 2, 2, 890, 1.03356e-08, 1.03356e-08, 1120.99, 1072.51, -5, 50.2548, 50.2548, 222.96
288, 2, 2, 890, 4.1083e-09, 4.1083e-09, 1307.53, 1233.84, -2.3, 52.7049, 52.7049, 188.67
289, 2, 2, 890, 0.108096, 0.108096, 1352.2, 1250.85, -2, 48.6055, 53.2595, 152.09
290, 2, 2, 890, 0.0117772, 0.0117772, 1223.2, 1142.63, -1.9, 51.8559, 52.4573, 182.21
291, 2, 2, 890, 0.140214, 0.140214, 1343.77, 1289.33, -3.8, 47.3983, 52.9056, 156.74
292, 2, 2, 890, 2.89478e-09, 2.89478e-09, 1281.66, 1195.36, -2.7, 50.8006, 50.8006, 210.52
293, 2, 2, 890, 0.152376, 0.152376, 1445.12, 1351.74, -2.9, 47.9767, 54.8868, 105.74
294, 2, 2, 890, 0.0807542, 0.0807542, 1134.12, 975.377, 0, 52.1149, 54.1622, 119.72
295, 2, 2, 890, 0.0629314, 0.0629314, 1340.61, 1276.77, -2.3, 48.523, 51.3343, 162.61
296, 2, 2, 890, 0.0233236, 0.0233236, 1139.66, 1019.27, 0.5, 51.8461, 52.7305, 173.23
297, 2, 2, 890, 0.0170433, 0.0170433, 1310.08, 1228.56, -0.3, 52.2079, 53.0098, 122.55
298, 2, 2, 890, 0.119111, 0.119111, 1392.56, 1323.64, -0.8, 48.9944, 53.5345, 115.86
299, 2, 2, 890, 2.15621e-08, 2.15621e-08, 1230.31, 1113.02, -0.7, 53.4137, 53.4137, 194
300, 2, 2, 890, 1.55886e-08, 1.55886e-08, 1148.23, 1029.97, -1.2, 52.4196, 52.4196, 174.77
301, 2, 2, 890, 0.0194481, 0.0194481, 1260.59, 1193.79, -3.4, 51.295, 52.2203, 179.64
302, 2, 2, 890, 0.0028259, 0.0028259, 1102.43, 1041.67, -2, 49.9047, 50.0255, 189.79
303, 2, 2, 890, 0.0139491, 0.0139491, 1247.27, 1161.87, -2.3, 52.8118, 53.5697, 215.8
304, 2, 2, 890, 1.04116e-08, 1.04116e-08, 1455.31, 1337.92, 0.4, 54.5471, 54.5471, 172.16
305, 2, 2, 890, 0.243297, 0.243297, 1564.58, 1440.02, -3.2, 41.7345, 56.4764, 137.22
306, 2, 2, 890, 0.0240803, 0.0280937, 1234.13, 1089.04, -3.5, 50.0873, 51.3033, 146.92
307, 2, 2, 890, 0.0960121, 0.0960121, 1379.45, 1326.42, -5.5, 47.8247, 51.986, 137.42
308, 2, 2, 890, 1.31592e-08, 1.31592e-08, 1410.78, 1313.61, -5.4, 53.9617, 53.9617, 167.27
309, 2, 2, 890, 4.5166e-09, 4.5166e-09, 1370.43, 1275.17, -3.6, 52.9309, 52.9309, 175.95
310, 2, 2, 890, 8.38058e-09, 8.38058e-09, 1391.66, 1316.14, -0.8, 54.5438, 54.5438, 194.22
311, 2, 2, 890, 1.84887e-08, 1.84887e-08, 1548.25, 1309.43, 2.9, 58.5617, 58.5617, 130.06
312, 2, 2, 890, 3.39651e-09, 3.39651e-09, 1479.89, 1327.71, -1.4, 56.6224, 56.6224, 132.22
313, 2, 2, 890, 0.281899, 0.281899, 1394.33, 1264.51, -1.4, 46.1607, 54.2571, 106.83
314, 2, 2, 890, 0.0719544, 0.0863452, 1534.5, 1380.31, 1.5, 53.932, 57.1183, 113.19
315, 2, 2, 890, 7.98486e-09, 7.98486e-09, 1338.4, 1249.9, 0.9, 55.7951, 55.7951, 116.14
316, 2, 2, 890, 0.00333054, 0.00388563, 1632.63, 1437.24, 0.5, 57.2958, 57.4868, 146.94
317, 2, 2, 890, 0.022788, 0.022788, 1420.46, 1340.47, -1.4, 52.4714, 53.7385, 138.08
318, 2, 2, 890, 4.28995e-09, 4.28995e-09, 1212.17, 1105.95, -2.6, 53.4205, 53.4205, 103.97
319, 2, 2, 890, 0.107441, 0.107441, 1516.93, 1335.43, 1.2, 52.5974, 57.1961, 116.86
320, 2, 2, 890, 0.0654595, 0.0654595, 1370.21, 1262.9, -0.7, 52.3187, 54.7145, 120.18
321, 2, 2, 890, 1.32443e-08, 1.32443e-08, 1461.81, 1389.93, -2.6, 54.9319, 54.9319, 154.21
322, 2, 2, 890, 0.0373511, 0.0373511, 1540.82, 1428.16, -0.6, 54.6343, 56.8664, 135.58
323, 2, 2, 890, 0.018415, 0.018415, 1445.47, 1368.3, -2.8, 52.9113, 53.8115, 165.43
324, 2, 2, 890, 0.00616539, 0.00616539, 1463.93, 1299.51, 2, 57.3818, 57.6602, 159.96
325, 2, 2, 890, 0.22433, 0.269196, 1881.11, 1717.75, -2, 47.4418, 59.686, 90.79
326, 2, 2, 890, 0.0109124, 0.0109124, 1386.31, 1313.36, -1.5, 53.6675, 54.1628, 110.46
327, 2, 2, 890, 0.129423, 0.129423, 1511.7, 1452.01, -3.8, 48.7236, 55.348, 99.95
328, 2, 2, 890, 0.157189, 0.183388, 1739.09, 1604.22, -1.7, 44.1826, 56.634, 147.08
329, 2, 2, 890, 7.25463e-09, 7.25463e-09, 1497.83, 1391.95, 1.2, 57.8169, 57.8169, 148.84
330, 2, 2, 890, 0.0319317, 0.0319317, 1403.93, 1298.31, -0.1, 53.5936, 55.0307, 110.51
331, 2, 2, 890, 0.241633, 0.241633, 1579.75, 1489.8, -1.5, 44.6793, 55.8188, 80.93
332, 2, 2, 890, 0.0801429, 0.0801429, 1291.52, 1248.56, -3.3, 46.9426, 52.2413, 90.83
333, 2, 2, 890, 0.107937, 0.123357, 1740.18, 1515.31, -0.2, 54.1956, 59.0941, 118.19
334, 2, 2, 890, 0.000454517, 0.000530268, 1569.65, 1422.35, -5.1, 56.5875, 56.6091, 171.41
335, 2, 2, 890, 0.0953313, 0.0953313, 1326.47, 1262.05, -2.4, 50.0195, 54.1018, 147.41
336, 2, 2, 890, 0.222102, 0.222102, 1729.23, 1658.09, -4.2, 47.1061, 57.8598, 127.13
337, 2, 2, 890, 3.29427e-09, 4.2355e-09, 1363.19, 1162.96, -1.2, 56.5628, 56.5628, 150.44
338, 2, 2, 890, 0.218101, 0.218101, 1540.34, 1479.34, -0.5, 41.9603, 54.5715, 92.14
339, 2, 2, 890, 0.0704029, 0.0704029, 1449.15, 1380.81, -3.5, 51.1641, 54.5373, 167.44
340, 2, 2, 890, 0.0224533, 0.0224533, 1312.33, 1203.6, -1, 51.6437, 52.6776, 136.04
341, 2, 2, 890, 0.303484, 0.303484, 1336.27, 1289.58, -2.5, 37.3301, 53.2001, 176.4
342, 2, 2, 890, 0.0495639, 0.0566444, 1500.99, 1301.16, -2.8, 54.4926, 56.8368, 95.8
343, 2, 2, 890, 9.69558e-09, 9.69558e-09, 1112.64, 1013.24, -4.9, 52.1823, 52.1823, 155.34
344, 2, 2, 890, 0.0287255, 0.0287255, 1152.94, 1069.83, -2.6, 51.1223, 52.3281, 140.76
345, 2, 2, 890, 7.78317e-09, 7.78317e-09, 1101.86, 1054.49, -10.7, 49.8066, 49.8066, 160.84
346, 2, 2, 890, 8.58468e-09, 1.03016e-08, 1268.59, 1115.25, -0.1, 54.4112, 54.4112, 135.08
347, 2, 2, 890, 1.79275e-08, 1.79275e-08, 1380.8, 1284.41, -2.3, 52.6495, 52.6495, 176.94
348, 2, 2, 890, 0.176785, 0.176785, 1546.37, 1381.33, -1.1, 50.5575, 57.8684, 108.87
349, 2, 2, 890, 1.58786e-08, 1.58786e-08, 1191.4, 1104.25, -1.4, 53.1205, 53.1205, 176.29
350, 2, 2, 890, 1.27144e-08, 1.27144e-08, 1468.2, 1320.49, -0.5, 56.223, 56.223, 192.85
351, 2, 2, 890, 0.12673, 0.12673, 1143.21, 1107.74, -2.8, 44.0955, 49.4529, 141.27
352, 2, 2, 890, 0.0312053, 0.0312053, 1276.77, 1188.89, -6.5, 51.2931, 53.1181, 153.56
353, 2, 2, 890, 0.163646, 0.163646, 1431.3, 1346.26, -0.2, 46.7068, 54.3885, 119.56
354, 2, 2, 890, 1.03356e-08, 1.03356e-08, 1120.99, 1072.51, -5, 50.2548, 50.2548, 222.96
355, 2, 2, 890, 4.1083e-09, 4.1083e-09, 1307.53, 1233.84, -2.3, 52.7049, 52.7049, 188.67
356, 2, 2, 890, 0.103893, 0.103893, 1352.2, 1250.85, -2, 48.275, 53.2595, 152.09
357, 2, 2, 890, 0.0212766, 0.0212766, 1223.2, 1142.63, -1.9, 51.3708, 52.4573, 182.21
358, 2, 2, 890, 0.15459, 0.15459, 1343.77, 1289.33, -3.8, 46.7058, 52.9056, 156.74
359, 2, 2, 890, 0.00384779, 0.00384779, 1281.66, 1195.36, -2.7, 50.6463, 50.8006, 210.52
360, 2, 2, 890, 0.161728, 0.161728, 1445.12, 1351.74, -2.9, 47.5529, 54.8868, 105.74
361, 2, 2, 890, 0.0792093, 0.0792093, 1134.12, 975.377, 0, 52.0187, 54.1622, 119.72
362, 2, 2, 890, 0.0668564, 0.0668564, 1340.61, 1276.77, -2.3, 48.3137, 51.3343, 162.61
363, 2, 2, 890, 0.0303507, 0.0303507, 1139.66, 1019.27, 0.5, 51.5949, 52.7305, 173.23
364, 2, 2, 890, 0.0220625, 0.0220625, 1310.08, 1228.56, -0.3, 51.9717, 53.0098, 122.55
365, 2, 2, 890, 0.117856, 0.117856, 1392.56, 1323.64, -0.8, 48.8828, 53.5345, 115.86
366, 2, 2, 890, 2.15621e-08, 2.15621e-08, 1230.31, 1113.02, -0.7, 53.4137, 53.4137, 194
367, 2, 2, 890, 1.55886e-08, 1.55886e-08, 1148.23, 1029.97, -1.2, 52.4196, 52.4196, 174.77
368, 2, 2, 890, 0.0236601, 0.0236601, 1260.59, 1193.79, -3.4, 51.0946, 52.2203, 179.64
369, 2, 2, 890, 0.00751343, 0.00751343, 1102.43, 1041.67, -2, 49.7043, 50.0255, 189.79
370, 2, 2, 890, 0.0174558, 0.0174558, 1247.27, 1161.87, -2.3, 52.6212, 53.5697, 215.8
371, 2, 2, 890, 1.04116e-08, 1.04116e-08, 1455.31, 1337.92, 0.4, 54.5471, 54.5471, 172.16
372, 2, 2, 890, 0.24561, 0.24561, 1564.58, 1440.02, -3.2, 41.6522, 56.4764, 137.22
373, 2, 2, 890, 0.0273114, 0.0318633, 1234.13, 1089.04, -3.5, 49.9242, 51.3033, 146.92
374, 2, 2, 890, 0.0988316, 0.0988316, 1379.45, 1326.42, -5.5, 47.664, 51.986, 137.42
375, 2, 2, 890, 0.00335772, 0.00335772, 1410.78, 1313.61, -5.4, 53.8216, 53.9617, 167.27
376, 2, 2, 890, 4.5166e-09, 4.5166e-09, 1370.43, 1275.17, -3.6, 52.9309, 52.9309, 175.95
377, 2, 2, 890, 8.38058e-09, 8.38058e-09, 1391.66, 1316.14, -0.8, 54.5438, 54.5438, 194.22
378, 2, 2, 890, 1.84887e-08, 1.84887e-08, 1548.25, 1309.43, 2.9, 58.5617, 58.5617, 130.06
379, 2, 2, 890, 0.0238829, 0.0238829, 1479.89, 1327.71, -1.4, 55.5702, 56.6224, 132.22
380, 2, 2, 890, 0.272176, 0.272176, 1394.33, 1264.51, -1.4, 46.1419, 54.2571, 106.83
381, 2, 2, 890, 0.0863567, 0.103628, 1534.5, 1380.31, 1.5, 53.2994, 57.1183, 113.19
382, 2, 2, 890, 7.98486e-09, 7.98486e-09, 1338.4, 1249.9, 0.9, 55.7951, 55.7951, 116.14
383, 2, 2, 890, 0.0104011, 0.0121346, 1632.63, 1437.24, 0.5, 56.8904, 57.4868, 146.94
384, 2, 2, 890, 0.030079, 0.030079, 1420.46, 1340.47, -1.4, 52.066, 53.7385, 138.08
385, 2, 2, 890, 4.28995e-09, 4.28995e-09, 1212.17, 1105.95, -2.6, 53.4205, 53.4205, 103.97
386, 2, 2, 890, 0.108629, 0.108629, 1516.93, 1335.43, 1.2, 52.4108, 57.1961, 116.86
387, 2, 2, 890, 0.0606105, 0.0606105, 1370.21, 1262.9, -0.7, 52.4961, 54.7145, 120.18
388, 2, 2, 890, 1.32443e-08, 1.32443e-08, 1461.81, 1389.93, -2.6, 54.9319, 54.9319, 154.21
389, 2, 2, 890, 0.0254516, 0.0254516, 1540.82, 1428.16, -0.6, 55.3288, 56.8664, 135.58
390, 2, 2, 890, 0.0207676, 0.0207676, 1445.47, 1368.3, -2.8, 52.7963, 53.8115, 165.43
391, 2, 2, 890, 0.00871233, 0.00871233, 1463.93, 1299.51, 2, 57.2668, 57.6602, 159.96
392, 2, 2, 890, 0.224829, 0.269795, 1881.11, 1717.75, -2, 47.3659, 59.686, 90.79
393, 2, 2, 890, 0.013384, 0.013384, 1386.31, 1313.36, -1.5, 53.5553, 54.1628, 110.46
394, 2, 2, 890, 0.129655, 0.129655, 1511.7, 1452.01, -3.8, 48.6767, 55.348, 99.95
395, 2, 2, 890, 0.15799, 0.184321, 1739.09, 1604.22, -1.7, 44.1472, 56.634, 147.08
396, 2, 2, 890, 7.25463e-09, 7.25463e-09, 1497.83, 1391.95, 1.2, 57.8169, 57.8169, 148.84
397, 2, 2, 890, 0.0232146, 0.0232146, 1403.93, 1298.31, -0.1, 53.9707, 55.0307, 110.51
398, 2, 2, 890, 0.239604, 0.239604, 1579.75, 1489.8, -1.5, 44.9123, 55.8188, 80.93
399, 2, 2, 890, 0.073658, 0.073658, 1291.52, 1248.56, -3.3, 47.2778, 52.2413, 90.83
400, 2, 2, 890, 0.10532, 0.120366, 1740.18, 1515.31, -0.2, 54.3742, 59.0941, 118.19
401, 2, 2, 890, 1.11293e-08, 1.12525e-08, 1569.65, 1422.35, -5.1, 56.6091, 56.6091, 171.41
402, 2, 2, 890, 0.0860406, 0.0860406, 1326.47, 1262.05, -2.4, 50.4969, 54.1018, 147.41
403, 2, 2, 890, 0.216421, 0.216421, 1729.23, 1658.09, -4.2, 47.6056, 57.8598, 127.13
404, 2, 2, 890, 3.29427e-09, 4.2355e-09, 1363.19, 1162.96, -1.2, 56.5628, 56.5628, 150.44
405, 2, 2, 890, 0.213748, 0.213748, 1540.34, 1479.34, -0.5, 42.2674, 54.5715, 92.14
406, 2, 2, 890, 0.0622935, 0.0622935, 1449.15, 1380.81, -3.5, 51.5669, 54.5373, 167.44
407, 2, 2, 890, 0.0108432, 0.0108432, 1312.33, 1203.6, -1, 52.1783, 52.6776, 136.04
408, 2, 2, 890, 0.300746, 0.300746, 1336.27, 1289.58, -2.5, 37.4993, 53.2001, 176.4
409, 2, 2, 890, 0.049975, 0.0571143, 1500.99, 1301.16, -2.8, 54.7808, 56.8368, 95.8
410, 2, 2, 890, 9.69558e-09, 9.69558e-09, 1112.64, 1013.24, -4.9, 52.1823, 52.1823, 155.34
411, 2, 2, 890, 0.0173328, 0.0173328, 1152.94, 1069.83, -2.6, 51.8832, 52.3281, 140.76
412, 2, 2, 890, 7.78317e-09, 7.78317e-09, 1101.86, 1054.49, -10.7, 49.8066, 49.8066, 160.84
413, 2, 2, 890, 8.58468e-09, 1.03016e-08, 1268.59, 1115.25, -0.1, 54.4112, 54.4112, 135.08
414, 2, 2, 890, 1.79275e-08, 1.79275e-08, 1380.8, 1284.41, -2.3, 52.6495, 52.6495, 176.94
415, 2, 2, 890, 0.245492, 0.245492, 1546.37, 1381.33, -1.1, 50.7164, 57.8684, 108.87
416, 2, 2, 890, 1.58786e-08, 1.58786e-08, 1191.4, 1104.25, -1.4, 53.1205, 53.1205, 176.29
417, 2, 2, 890, 1.27144e-08, 1.27144e-08, 1468.2, 1320.49, -0.5, 56.223, 56.223, 192.85
418, 2, 2, 890, 0.0996329, 0.0996329, 1143.21, 1107.74, -2.8, 45.2472, 49.4529, 141.27
419, 2, 2, 890, 0.00901072, 0.00901072, 1276.77, 1188.89, -6.5, 52.5911, 53.1181, 153.56
420, 2, 2, 890, 0.162857, 0.162857, 1431.3, 1346.26, -0.2, 47.1501, 54.3885, 119.56
421, 2, 2, 890, 1.03356e-08, 1.03356e-08, 1120.99, 1072.51, -5, 50.2548, 50.2548, 222.96
422, 2, 2, 890, 4.1083e-09, 4.1083e-09, 1307.53, 1233.84, -2.3, 52.7049, 52.7049, 188.67
423, 2, 2, 890, 0.110948, 0.110948, 1352.2, 1250.85, -2, 48.7059, 53.2595, 152.09
424, 2, 2, 890, 0.00499451, 0.00499451, 1223.2, 1142.63, -1.9, 52.2023, 52.4573, 182.21
425, 2, 2, 890, 0.130221, 0.130221, 1343.77, 1289.33, -3.8, 47.8682, 52.9056, 156.74
426, 2, 2, 890, 2.89478e-09, 2.89478e-09, 1281.66, 1195.36, -2.7, 50.8006, 50.8006, 210.52
427, 2, 2, 890, 0.13859, 0.13859, 1445.12, 1351.74, -2.9, 48.6029, 54.8868, 105.74
428, 2, 2, 890, 0.0838006, 0.0838006, 1134.12, 975.377, 0, 52.2427, 54.1622, 119.72
429, 2, 2, 890, 0.0575773, 0.0575773, 1340.61, 1276.77, -2.3, 48.8186, 51.3343, 162.61
430, 2, 2, 890, 0.0240002, 0.0240002, 1139.66, 1019.27, 0.5, 51.8204, 52.7305, 173.23
431, 2, 2, 890, 0.0176164, 0.0176164, 1310.08, 1228.56, -0.3, 52.1809, 53.0098, 122.55
432, 2, 2, 890, 0.118938, 0.118938, 1392.56, 1323.64, -0.8, 48.9824, 53.5345, 115.86
433, 2, 2, 890, 2.15621e-08, 2.15621e-08, 1230.31, 1113.02, -0.7, 53.4137, 53.4137, 194
434, 2, 2, 890, 1.55886e-08, 1.55886e-08, 1148.23, 1029.97, -1.2, 52.4196, 52.4196, 174.77
435, 2, 2, 890, 0.0192631, 0.0192631, 1260.59, 1193.79, -3.4, 51.3038, 52.2203, 179.64
436, 2, 2, 890, 0.00261994, 0.00261994, 1102.43, 1041.67, -2, 49.9135, 50.0255, 189.79
437, 2, 2, 890, 0.0137871, 0.0137871, 1247.27, 1161.87, -2.3, 52.8206, 53.5697, 215.8
438, 2, 2, 890, 1.04116e-08, 1.04116e-08, 1455.31, 1337.92, 0.4, 54.5471, 54.5471, 172.16
439, 2, 2, 890, 0.243192, 0.243192, 1564.58, 1440.02, -3.2, 41.7381, 56.4764, 137.22
440, 2, 2, 890, 0.0251242, 0.0293116, 1234.13, 1089.04, -3.5, 50.0346, 51.3033, 146.92
441, 2, 2, 890, 0.0968985, 0.0968985, 1379.45, 1326.42, -5.5, 47.7738, 51.986, 137.42
442, 2, 2, 890, 0.000266447, 0.000266447, 1410.78, 1313.61, -5.4, 53.9505, 53.9617, 167.27
443, 2, 2, 890, 4.5166e-09, 4.5166e-09, 1370.43, 1275.17, -3.6, 52.9309, 52.9309, 175.95
444, 2, 2, 890, 8.38058e-09, 8.38058e-09, 1391.66, 1316.14, -0.8, 54.5438, 54.5438, 194.22
445, 2, 2, 890, 1.84887e-08, 1.84887e-08, 1548.25, 1309.43, 2.9, 58.5617, 58.5617, 130.06
446, 2, 2, 890, 0.0180253, 0.0180253, 1479.89, 1327.71, -1.4, 55.8281, 56.6224, 132.22
447, 2, 2, 890, 0.258338, 0.258338, 1394.33, 1264.51, -1.4, 46.0215, 54.2571, 106.83
448, 2, 2, 890, 0.112974, 0.135569, 1534.5, 1380.31, 1.5, 52.1118, 57.1183, 113.19
449, 2, 2, 890, 0.00735233, 0.00735233, 1338.4, 1249.9, 0.9, 55.4184, 55.7951, 116.14
450, 2, 2, 890, 0.0351335, 0.040989, 1632.63, 1437.24, 0.5, 55.5324, 57.4868, 146.94
451, 2, 2, 890, 0.0435392, 0.0435392, 1420.46, 1340.47, -1.4, 51.3176, 53.7385, 138.08
452, 2, 2, 890, 0.00520951, 0.00520951, 1212.17, 1105.95, -2.6, 53.1614, 53.4205, 103.97
453, 2, 2, 890, 0.113699, 0.113699, 1516.93, 1335.43, 1.2, 51.9585, 57.1961, 116.86
454, 2, 2, 890, 0.0797812, 0.0797812, 1370.21, 1262.9, -0.7, 51.7357, 54.7145, 120.18
455, 2, 2, 890, 1.32443e-08, 1.32443e-08, 1461.81, 1389.93, -2.6, 54.9319, 54.9319, 154.21
456, 2, 2, 890, 0.0510994, 0.0510994, 1540.82, 1428.16, -0.6, 53.832, 56.8664, 135.58
457, 2, 2, 890, 0.0290339, 0.0290339, 1445.47, 1368.3, -2.8, 52.4095, 53.8115, 165.43
458, 2, 2, 890, 0.0150501, 0.0150501, 1463.93, 1299.51, 2, 56.9806, 57.6602, 159.96
459, 2, 2, 890, 0.226426, 0.271711, 1881.11, 1717.75, -2, 47.1619, 59.686, 90.79
460, 2, 2, 890, 0.013164, 0.013164, 1386.31, 1313.36, -1.5, 53.5653, 54.1628, 110.46
461, 2, 2, 890, 0.129632, 0.129632, 1511.7, 1452.01, -3.8, 48.681, 55.348, 99.95
462, 2, 2, 890, 0.157917, 0.184236, 1739.09, 1604.22, -1.7, 44.1505, 56.634, 147.08
463, 2, 2, 890, 7.25463e-09, 7.25463e-09, 1497.83, 1391.95, 1.2, 57.8169, 57.8169, 148.84
464, 2, 2, 890, 0.0230087, 0.0230087, 1403.93, 1298.31, -0.1, 53.9801, 55.0307, 110.51
465, 2, 2, 890, 0.23956, 0.23956, 1579.75, 1489.8, -1.5, 44.9182, 55.8188, 80.93
466, 2, 2, 890, 0.0734857, 0.0734857, 1291.52, 1248.56, -3.3, 47.2866, 52.2413, 90.83
467, 2, 2, 890, 0.105499, 0.12057, 1740.18, 1515.31, -0.2, 54.3612, 59.0941, 118.19
468, 2, 2, 890, 1.11293e-08, 1.12525e-08, 1569.65, 1422.35, -5.1, 56.6091, 56.6091, 171.41
469, 2, 2, 890, 0.0867179, 0.0867179, 1326.47, 1262.05, -2.4, 50.4613, 54.1018, 147.41
470, 2, 2, 890, 0.214426, 0.214426, 1729.23, 1658.09, -4.2, 47.7916, 57.8598, 127.13
471, 2, 2, 890, 3.29427e-09, 4.2355e-09, 1363.19, 1162.96, -1.2, 56.5628, 56.5628, 150.44
472, 2, 2, 890, 0.212194, 0.212194, 1540.34, 1479.34, -0.5, 42.3846, 54.5715, 92.14
473, 2, 2, 890, 0.0592017, 0.0592017, 1449.15, 1380.81, -3.5, 51.7213, 54.5373, 167.44
474, 2, 2, 890, 0.0071314, 0.0071314, 1312.33, 1203.6, -1, 52.3492, 52.6776, 136.04
475, 2, 2, 890, 0.300085, 0.300085, 1336.27, 1289.58, -2.5, 37.5406, 53.2001, 176.4
476, 2, 2, 890, 0.0506267, 0.0578591, 1500.99, 1301.16, -2.8, 54.8579, 56.8368, 95.8
477, 2, 2, 890, 9.69558e-09, 9.69558e-09, 1112.64, 1013.24, -4.9, 52.1823, 52.1823, 155.34
478, 2, 2, 890, 0.0216015, 0.0216015, 1152.94, 1069.83, -2.6, 51.6185, 52.3281, 140.76
479, 2, 2, 890, 7.78317e-09, 7.78317e-09, 1101.86, 1054.49, -10.7, 49.8066, 49.8066, 160.84
480, 2, 2, 890, 8.58468e-09, 1.03016e-08, 1268.59, 1115.25, -0.1, 54.4112, 54.4112, 135.08
481, 2, 2, 890, 1.79275e-08, 1.79275e-08, 1380.8, 1284.41, -2.3, 52.6495, 52.6495, 176.94
482, 2, 2, 890, 0.255584, 0.255584, 1546.37, 1381.33, -1.1, 50.7186, 57.8684, 108.87
483, 2, 2, 890, 1.58786e-08, 1.58786e-08, 1191.4, 1104.25, -1.4, 53.1205, 53.1205, 176.29
484, 2, 2, 890, 1.27144e-08, 1.27144e-08, 1468.2, 1320.49, -0.5, 56.223, 56.223, 192.85
485, 2, 2, 890, 0.0964262, 0.0964262, 1143.21, 1107.74, -2.8, 45.3821, 49.4529, 141.27
486, 2, 2, 890, 0.00606888, 0.00606888, 1276.77, 1188.89, -6.5, 52.7632, 53.1181, 153.56
487, 2, 2, 890, 0.166374, 0.166374, 1431.3, 1346.26, -0.2, 47.3076, 54.3885, 119.56
488, 2, 2, 890, 1.03356e-08, 1.03356e-08, 1120.99, 1072.51, -5, 50.2548, 50.2548, 222.96
489, 2, 2, 890, 4.1083e-09, 4.1083e-09, 1307.53, 1233.84, -2.3, 52.7049, 52.7049, 188.67
490, 2, 2, 890, 0.111553, 0.111553, 1352.2, 1250.85, -2, 48.7229, 53.2595, 152.09
491, 2, 2, 890, 0.00415571, 0.00415571, 1223.2, 1142.63, -1.9, 52.2451, 52.4573, 182.21
492, 2, 2, 890, 0.128985, 0.128985, 1343.77, 1289.33, -3.8, 47.9263, 52.9056, 156.74
493, 2, 2, 890, 2.89478e-09, 2.89478e-09, 1281.66, 1195.36, -2.7, 50.8006, 50.8006, 210.52
494, 2, 2, 890, 0.13694, 0.13694, 1445.12, 1351.74, -2.9, 48.6781, 54.8868, 105.74
495, 2, 2, 890, 0.0842225, 0.0842225, 1134.12, 975.377, 0, 52.2569, 54.1622, 119.72
496, 2, 2, 890, 0.0569742, 0.0569742, 1340.61, 1276.77, -2.3, 48.8528, 51.3343, 162.61
497, 2, 2, 890, 0.0130509, 0.0130509, 1139.66, 1019.27, 0.5, 52.2356, 52.7305, 173.23
498, 2, 2, 890, 0.00834366, 0.00834366, 1310.08, 1228.56, -0.3, 52.6173, 53.0098, 122.55
499, 2, 2, 890, 0.122674, 0.122674, 1392.56, 1323.64, -0.8, 49.1548, 53.5345, 115.86
500, 2, 2, 890, 2.15621e-08, 2.15621e-08, 1230.31, 1113.02, -0.7, 53.4137, 53.4137, 194
501, 2, 2, 890, 1.55886e-08, 1.55886e-08, 1148.23, 1029.97, -1.2, 52.4196, 52.4196, 174.77
502, 2, 2, 890, 0.0226411, 0.0226411, 1260.59, 1193.79, -3.4, 51.1431, 52.2203, 179.64
503, 2, 2, 890, 0.00637941, 0.00637941, 1102.43, 1041.67, -2, 49.7527, 50.0255, 189.79
504, 2, 2, 890, 0.016745, 0.016745, 1247.27, 1161.87, -2.3, 52.6598, 53.5697, 215.8
505, 2, 2, 890, 1.04116e-08, 1.04116e-08, 1455.31, 1337.92, 0.4, 54.5471, 54.5471, 172.16
506, 2, 2, 890, 0.245133, 0.245133, 1564.58, 1440.02, -3.2, 41.6695, 56.4764, 137.22
507, 2, 2, 890, 0.0266565, 0.0310992, 1234.13, 1089.04, -3.5, 49.9573, 51.3033, 146.92
508, 2, 2, 890, 0.0982417, 0.0982417, 1379.45, 1326.42, -5.5, 47.6973, 51.986, 137.42
509, 2, 2, 890, 0.00243206, 0.00243206, 1410.78, 1313.61, -5.4, 53.8602, 53.9617, 167.27
